applicant_id,gender,age_band,race,years_experience,test_score,truly_qualified,predicted_hire
1000,Female,under25,Hispanic,20,43,1,1
1001,Male,25-44,White,16,53,1,1
1002,Female,25-44,White,7,45,0,0
1003,Male,45plus,White,7,80,1,0
1004,Male,45plus,Hispanic,1,54,0,0
1005,Male,25-44,Hispanic,4,74,0,0
1006,Female,45plus,Black,3,77,0,0
1007,Male,25-44,White,17,85,1,1
1008,Male,45plus,Black,15,83,1,1
1009,Female,25-44,Hispanic,11,59,1,0
1010,Male,45plus,Black,2,76,0,0
1011,Female,25-44,Hispanic,9,78,1,1
1012,Male,45plus,Hispanic,5,88,1,0
1013,Female,25-44,White,2,88,0,0
1014,Female,25-44,Asian,19,71,1,1
1015,Female,under25,White,8,70,1,0
1016,Male,under25,Asian,20,76,1,1
1017,Female,25-44,Hispanic,11,41,0,0
1018,Female,under25,White,15,43,1,0
1019,Female,under25,Black,12,65,1,1
1020,Female,under25,Black,14,65,1,1
1021,Male,25-44,Asian,13,62,1,1
1022,Female,under25,Black,2,51,0,0
1023,Male,under25,Hispanic,18,51,1,1
1024,Male,under25,Hispanic,17,63,1,1
1025,Female,under25,White,14,97,1,1
1026,Female,25-44,Hispanic,12,46,1,0
1027,Female,under25,Black,2,53,0,0
1028,Male,25-44,White,3,40,0,0
1029,Male,25-44,White,2,95,1,0
1030,Female,under25,Asian,11,78,1,0
1031,Male,under25,Hispanic,14,70,1,1
1032,Male,under25,White,10,87,1,1
1033,Male,45plus,White,6,100,1,1
1034,Female,under25,White,16,59,1,1
1035,Male,45plus,Asian,16,63,1,1
1036,Female,under25,Asian,20,54,1,1
1037,Male,under25,Hispanic,7,52,0,0
1038,Female,45plus,White,0,90,0,0
1039,Female,under25,Asian,14,91,1,1
1040,Female,25-44,White,7,46,0,0
1041,Male,25-44,Black,15,79,1,1
1042,Male,25-44,Asian,20,45,1,1
1043,Male,25-44,Black,15,96,1,1
1044,Female,under25,Hispanic,14,65,1,1
1045,Male,45plus,Black,5,48,0,0
1046,Female,45plus,Black,19,92,1,1
1047,Female,45plus,Asian,4,75,0,0
1048,Male,under25,White,16,87,1,1
1049,Female,under25,Black,0,56,0,0
1050,Male,45plus,Asian,8,74,1,0
1051,Male,under25,Asian,14,82,1,1
1052,Female,45plus,Black,17,49,1,0
1053,Male,25-44,Black,19,40,1,1
1054,Male,under25,Black,15,79,1,1
1055,Male,25-44,Hispanic,3,96,1,1
1056,Male,under25,Asian,1,89,0,0
1057,Female,45plus,White,2,68,0,0
1058,Male,45plus,Asian,14,72,1,1
1059,Female,45plus,Black,16,96,1,1
1060,Female,45plus,Black,14,48,1,0
1061,Female,25-44,Asian,2,82,0,0
1062,Male,under25,Asian,3,97,1,1
1063,Female,under25,Asian,4,69,0,0
1064,Male,25-44,Hispanic,5,82,1,1
1065,Male,45plus,Hispanic,16,65,1,1
1066,Male,25-44,Asian,2,86,0,0
1067,Female,45plus,Hispanic,14,85,1,0
1068,Female,45plus,Asian,16,44,1,0
1069,Male,under25,White,8,57,0,0
1070,Male,25-44,Black,13,94,1,1
1071,Female,25-44,Black,17,98,1,1
1072,Female,45plus,Asian,2,57,0,0
1073,Male,25-44,White,8,100,1,1
1074,Male,25-44,White,19,94,1,1
1075,Female,under25,Hispanic,0,61,0,0
1076,Female,25-44,Black,1,73,0,0
1077,Male,under25,Asian,1,51,0,0
1078,Female,45plus,Asian,16,88,1,1
1079,Female,45plus,Black,8,62,1,0
1080,Female,under25,White,0,86,0,0
1081,Male,45plus,Hispanic,7,99,1,1
1082,Female,45plus,Hispanic,17,93,1,1
1083,Female,45plus,Black,7,61,0,0
1084,Male,25-44,Asian,1,93,0,0
1085,Male,45plus,Asian,13,50,1,0
1086,Female,45plus,Asian,19,55,1,1
1087,Male,25-44,Black,5,57,0,0
1088,Female,25-44,Asian,17,60,1,1
1089,Female,under25,Asian,5,40,0,0
1090,Male,25-44,Asian,16,81,1,1
1091,Male,under25,Asian,2,49,0,0
1092,Male,25-44,White,9,59,1,1
1093,Male,45plus,Black,19,64,1,1
1094,Female,under25,Asian,19,81,1,1
1095,Female,45plus,Black,16,88,1,1
1096,Male,45plus,Black,2,41,0,0
1097,Female,under25,Hispanic,14,75,1,1
1098,Male,45plus,Black,15,56,1,0
1099,Male,45plus,White,16,44,1,1
1100,Female,25-44,White,8,55,0,0
1101,Male,under25,Hispanic,15,94,1,1
1102,Female,45plus,Asian,1,79,0,0
1103,Male,under25,Black,10,56,1,1
1104,Female,45plus,Black,0,70,0,0
1105,Female,45plus,White,6,83,1,0
1106,Female,25-44,Hispanic,14,89,1,1
1107,Male,25-44,White,15,41,1,1
1108,Male,45plus,Hispanic,8,64,1,0
1109,Male,under25,White,4,87,1,1
1110,Female,under25,Asian,3,85,0,0
1111,Female,25-44,Hispanic,0,50,0,0
1112,Female,45plus,Hispanic,12,59,1,0
1113,Female,25-44,Hispanic,10,47,0,0
1114,Male,25-44,Asian,12,47,1,1
1115,Male,45plus,White,9,56,1,0
1116,Female,25-44,White,11,99,1,1
1117,Female,under25,Asian,3,43,0,0
1118,Female,45plus,Black,7,57,0,0
1119,Female,under25,Asian,13,96,1,1
1120,Female,45plus,Black,2,43,0,0
1121,Female,25-44,Black,20,95,1,1
1122,Male,45plus,Black,5,70,0,0
1123,Female,25-44,Asian,20,56,1,1
1124,Male,25-44,Hispanic,17,82,1,1
1125,Male,45plus,Black,2,53,0,0
1126,Female,45plus,Black,14,98,1,1
1127,Female,25-44,Black,17,52,1,0
1128,Male,25-44,White,10,55,1,1
1129,Male,under25,Hispanic,12,66,1,1
1130,Male,25-44,Asian,10,88,1,1
1131,Female,45plus,Asian,4,83,1,0
1132,Male,under25,Asian,7,64,0,0
1133,Female,25-44,Asian,0,48,0,0
1134,Female,45plus,Hispanic,0,44,0,0
1135,Female,25-44,Black,3,54,0,0
1136,Male,45plus,Hispanic,2,75,0,0
1137,Male,under25,Black,18,98,1,1
1138,Female,under25,Asian,16,80,1,1
1139,Male,under25,White,9,73,1,1
1140,Male,25-44,Asian,7,90,1,1
1141,Male,45plus,Asian,14,57,1,1
1142,Male,25-44,Black,17,55,1,1
1143,Female,45plus,Asian,1,41,0,0
1144,Female,under25,Asian,7,82,1,0
1145,Female,under25,Hispanic,1,84,0,0
1146,Female,25-44,Hispanic,6,40,0,0
1147,Male,under25,Hispanic,6,59,0,0
1148,Male,under25,Hispanic,7,56,0,0
1149,Female,under25,Hispanic,19,51,1,1
1150,Female,25-44,White,19,49,1,1
1151,Male,under25,White,19,49,1,1
1152,Male,under25,Hispanic,14,97,1,1
1153,Female,45plus,White,2,99,1,0
1154,Male,under25,Hispanic,1,59,0,0
1155,Female,25-44,Asian,14,50,1,0
1156,Male,25-44,White,11,66,1,1
1157,Male,45plus,Black,12,62,1,1
1158,Female,25-44,White,1,85,0,0
1159,Female,45plus,Hispanic,6,60,0,0
1160,Female,under25,Hispanic,7,91,1,0
1161,Female,under25,Hispanic,1,69,0,0
1162,Male,25-44,Black,2,97,1,1
1163,Female,25-44,Asian,19,42,1,0
1164,Female,25-44,Asian,0,86,0,0
1165,Male,under25,Black,3,70,0,0
1166,Female,25-44,Asian,13,92,1,1
1167,Female,under25,White,9,92,1,1
1168,Male,45plus,Black,10,95,1,1
1169,Female,45plus,White,16,52,1,0
1170,Male,under25,Hispanic,2,81,0,0
1171,Female,under25,Hispanic,3,44,0,0
1172,Male,under25,White,13,71,1,1
1173,Female,under25,Black,4,66,0,0
1174,Male,45plus,White,9,58,1,0
1175,Female,25-44,Asian,8,52,0,0
1176,Male,under25,Black,4,58,0,0
1177,Male,25-44,White,12,56,1,1
1178,Male,45plus,White,20,69,1,1
1179,Male,under25,Hispanic,7,93,1,1
1180,Female,under25,Asian,7,47,0,0
1181,Male,under25,Asian,16,95,1,1
1182,Female,45plus,White,3,80,0,0
1183,Female,under25,White,11,61,1,0
1184,Male,25-44,White,19,86,1,1
1185,Male,under25,Asian,13,83,1,1
1186,Female,under25,Black,1,90,0,0
1187,Female,under25,Hispanic,3,90,1,0
1188,Male,45plus,White,20,50,1,1
1189,Female,25-44,Asian,9,66,1,0
1190,Female,45plus,Asian,13,66,1,0
1191,Female,45plus,Black,12,86,1,0
1192,Male,25-44,Black,13,47,1,1
1193,Female,45plus,Asian,14,89,1,0
1194,Male,under25,Black,20,91,1,1
1195,Male,45plus,Asian,16,50,1,0
1196,Female,under25,Black,2,46,0,0
1197,Male,25-44,Black,1,98,1,1
1198,Male,45plus,Hispanic,2,97,1,0
1199,Male,45plus,Black,19,65,1,1
1200,Male,25-44,Black,18,53,1,1
1201,Male,25-44,Asian,3,49,0,0
1202,Male,under25,White,10,47,0,0
1203,Female,45plus,Asian,20,66,1,1
1204,Male,25-44,Hispanic,11,68,1,1
1205,Male,under25,White,19,71,1,1
1206,Female,45plus,Hispanic,5,91,1,0
1207,Male,under25,Black,11,67,1,1
1208,Female,45plus,White,1,80,0,0
1209,Female,45plus,White,1,88,0,0
1210,Female,45plus,Black,0,94,0,0
1211,Male,under25,Black,15,58,1,1
1212,Male,45plus,Black,2,93,1,0
1213,Female,under25,Asian,19,57,1,1
1214,Female,under25,Asian,16,98,1,1
1215,Female,45plus,Black,10,63,1,0
1216,Male,25-44,Black,20,99,1,1
1217,Female,25-44,Black,8,47,0,0
1218,Male,45plus,Asian,14,75,1,1
1219,Male,25-44,Hispanic,11,56,1,1
1220,Female,45plus,Black,11,61,1,0
1221,Female,under25,Black,19,87,1,1
1222,Female,45plus,Asian,9,80,1,0
1223,Female,45plus,White,1,54,0,0
1224,Female,25-44,Asian,1,48,0,0
1225,Male,under25,White,0,76,0,0
1226,Male,45plus,Asian,17,54,1,1
1227,Female,45plus,Black,6,63,0,0
1228,Female,under25,Black,0,99,0,0
1229,Male,25-44,White,2,80,0,0
1230,Female,25-44,Asian,0,43,0,0
1231,Female,45plus,Hispanic,19,99,1,1
1232,Female,under25,Black,0,42,0,0
1233,Male,25-44,Black,7,50,0,0
1234,Male,under25,Black,4,66,0,0
1235,Female,45plus,Black,16,59,1,0
1236,Male,45plus,Hispanic,17,40,1,0
1237,Female,45plus,Hispanic,2,87,0,0
1238,Male,under25,White,8,54,0,0
1239,Male,25-44,Asian,1,57,0,0
1240,Female,45plus,Asian,9,81,1,0
1241,Male,under25,White,5,56,0,0
1242,Male,under25,Asian,6,96,1,1
1243,Male,25-44,Hispanic,15,93,1,1
1244,Male,under25,Hispanic,7,76,1,1
1245,Male,25-44,White,18,98,1,1
1246,Male,under25,White,3,79,0,1
1247,Female,under25,White,0,42,0,0
1248,Male,45plus,White,1,44,0,0
1249,Female,under25,White,12,46,1,0
1250,Male,under25,White,1,100,1,1
1251,Male,45plus,Asian,15,46,1,0
1252,Male,25-44,Asian,10,67,1,1
1253,Female,25-44,Asian,1,85,0,0
1254,Female,45plus,Hispanic,9,79,1,0
1255,Female,under25,Hispanic,16,89,1,1
1256,Female,45plus,White,17,76,1,0
1257,Male,45plus,Asian,5,67,0,0
1258,Male,25-44,White,0,62,0,0
1259,Female,45plus,Black,15,77,1,0
1260,Female,45plus,Black,9,92,1,0
1261,Male,25-44,Black,3,100,1,1
1262,Male,25-44,White,20,60,1,1
1263,Female,25-44,White,13,96,1,1
1264,Female,under25,Asian,8,67,1,0
1265,Male,25-44,Black,14,48,1,1
1266,Male,25-44,Asian,16,49,1,1
1267,Female,45plus,Asian,5,69,0,0
1268,Female,45plus,Black,4,61,0,0
1269,Male,45plus,Black,8,59,0,0
1270,Male,45plus,Black,7,86,1,0
1271,Female,under25,Black,10,52,1,0
1272,Male,under25,White,6,64,0,0
1273,Male,25-44,Asian,13,57,1,1
1274,Male,25-44,Black,12,69,1,1
1275,Female,25-44,Black,16,80,1,1
1276,Male,under25,Asian,19,87,1,1
1277,Male,25-44,Hispanic,7,82,1,1
1278,Male,45plus,Black,20,47,1,1
1279,Female,25-44,White,13,55,1,0
1280,Male,25-44,Hispanic,15,69,1,1
1281,Female,45plus,Black,20,60,1,1
1282,Female,25-44,White,1,56,0,0
1283,Male,45plus,Black,16,62,1,1
1284,Female,45plus,Black,15,72,1,0
1285,Female,45plus,Asian,13,87,1,1
1286,Male,45plus,Black,12,72,1,1
1287,Male,45plus,Asian,20,43,1,1
1288,Female,25-44,White,0,44,0,0
1289,Female,45plus,Asian,18,56,1,0
1290,Female,45plus,Hispanic,16,54,1,0
1291,Female,25-44,Black,5,48,0,0
1292,Male,45plus,Black,15,81,1,1
1293,Male,under25,Asian,20,93,1,1
1294,Female,25-44,Asian,17,81,1,1
1295,Female,25-44,Black,8,85,1,0
1296,Female,25-44,Black,15,40,1,0
1297,Female,25-44,Black,20,59,1,1
1298,Female,25-44,White,11,49,1,0
1299,Female,under25,White,18,97,1,1
1300,Male,45plus,Asian,20,77,1,1
1301,Male,under25,White,20,58,1,1
1302,Male,45plus,Black,7,51,0,0
1303,Female,under25,Black,12,90,1,1
1304,Male,45plus,Asian,6,71,1,0
1305,Male,45plus,Hispanic,3,75,0,0
1306,Female,under25,Black,15,71,1,1
1307,Female,25-44,Black,15,55,1,0
1308,Male,under25,Asian,14,84,1,1
1309,Female,25-44,Asian,13,66,1,1
1310,Male,under25,Asian,20,81,1,1
1311,Male,45plus,Asian,3,72,0,0
1312,Male,under25,Black,13,80,1,1
1313,Male,45plus,Asian,10,70,1,1
1314,Male,25-44,Hispanic,10,67,1,1
1315,Male,25-44,Asian,11,92,1,1
1316,Female,45plus,Asian,16,62,1,1
1317,Female,under25,Asian,6,60,0,0
1318,Male,45plus,White,1,65,0,0
1319,Female,45plus,White,12,59,1,0
1320,Male,under25,Hispanic,19,89,1,1
1321,Female,45plus,Black,20,83,1,1
1322,Male,under25,White,20,69,1,1
1323,Male,under25,Black,1,66,0,0
1324,Male,25-44,Black,9,75,1,1
1325,Female,under25,Hispanic,1,60,0,0
1326,Male,25-44,White,3,89,1,1
1327,Female,25-44,White,0,83,0,0
1328,Male,25-44,Hispanic,17,46,1,1
1329,Female,under25,Black,20,40,1,1
1330,Male,45plus,White,2,53,0,0
1331,Male,25-44,White,8,86,1,1
1332,Female,45plus,Black,1,63,0,0
1333,Male,45plus,White,9,80,1,1
1334,Female,25-44,Asian,1,85,0,0
1335,Male,under25,White,12,59,1,1
1336,Male,25-44,White,10,63,1,1
1337,Female,25-44,Black,4,91,1,0
1338,Male,45plus,Hispanic,15,64,1,1
1339,Female,25-44,Asian,9,57,1,0
1340,Female,45plus,White,4,78,0,0
1341,Female,under25,Hispanic,12,83,1,1
1342,Male,25-44,Asian,0,60,0,0
1343,Female,under25,White,9,93,1,0
1344,Male,25-44,Hispanic,11,74,1,1
1345,Female,25-44,Black,7,59,0,0
1346,Female,25-44,Black,8,77,1,0
1347,Female,25-44,White,17,91,1,1
1348,Male,under25,Hispanic,18,73,1,1
1349,Female,25-44,Black,6,53,0,0
1350,Male,45plus,Asian,11,76,1,1
1351,Female,45plus,Black,7,42,0,0
1352,Female,25-44,White,11,80,1,1
1353,Male,under25,Asian,19,41,1,1
1354,Male,under25,White,6,95,1,1
1355,Female,45plus,Black,8,99,1,0
1356,Female,under25,Hispanic,18,92,1,1
1357,Male,25-44,White,10,52,1,1
1358,Female,under25,White,1,42,0,0
1359,Female,25-44,White,19,80,1,1
1360,Male,45plus,White,8,60,0,0
1361,Male,45plus,Hispanic,5,68,0,0
1362,Female,under25,Black,5,42,0,0
1363,Female,under25,White,1,56,0,0
1364,Female,under25,White,4,60,0,0
1365,Male,45plus,Asian,18,77,1,1
1366,Male,25-44,Asian,11,56,1,1
1367,Female,25-44,Hispanic,5,68,0,0
1368,Male,45plus,White,14,85,1,1
1369,Male,under25,Black,2,99,1,1
1370,Female,45plus,Black,14,46,1,0
1371,Female,under25,White,14,61,1,0
1372,Male,25-44,White,20,63,1,1
1373,Male,45plus,White,5,85,1,0
1374,Male,25-44,Black,8,66,1,1
1375,Male,under25,Asian,18,93,1,1
1376,Male,25-44,Hispanic,3,60,0,0
1377,Female,under25,Black,16,43,1,0
1378,Male,45plus,Hispanic,9,47,0,0
1379,Male,25-44,Hispanic,8,55,0,1
1380,Male,25-44,Asian,13,97,1,1
1381,Female,under25,White,14,91,1,1
1382,Male,25-44,White,16,58,1,1
1383,Female,under25,Hispanic,6,57,0,0
1384,Male,under25,Black,5,52,0,0
1385,Male,45plus,Hispanic,8,51,0,0
1386,Male,45plus,Asian,6,40,0,0
1387,Female,45plus,White,16,91,1,1
1388,Female,45plus,Hispanic,2,40,0,0
1389,Female,under25,Asian,7,51,0,0
1390,Female,under25,Black,11,76,1,1
1391,Male,25-44,Hispanic,16,44,1,1
1392,Male,25-44,Hispanic,18,88,1,1
1393,Female,under25,Hispanic,14,72,1,0
1394,Male,under25,Black,2,54,0,0
1395,Male,under25,Asian,8,75,1,1
1396,Male,under25,White,6,56,0,0
1397,Female,45plus,Black,14,46,1,0
1398,Male,45plus,Black,1,57,0,0
1399,Female,45plus,Asian,3,47,0,0
1400,Male,45plus,Black,7,49,0,0
1401,Female,45plus,Hispanic,5,100,1,0
1402,Female,45plus,Hispanic,19,93,1,1
1403,Male,25-44,White,11,61,1,1
1404,Female,45plus,Hispanic,18,91,1,1
1405,Female,25-44,White,10,73,1,0
1406,Female,under25,Hispanic,20,40,1,1
1407,Male,under25,Asian,13,52,1,1
1408,Male,under25,Black,13,65,1,1
1409,Female,45plus,White,1,42,0,0
1410,Female,45plus,Asian,20,74,1,1
1411,Male,45plus,White,8,47,0,0
1412,Female,under25,White,9,47,0,0
1413,Male,under25,White,19,98,1,1
1414,Female,under25,Hispanic,18,74,1,1
1415,Female,under25,Black,9,98,1,1
1416,Female,25-44,Black,2,87,0,0
1417,Female,45plus,Black,20,64,1,1
1418,Female,25-44,Asian,19,70,1,1
1419,Female,under25,Black,10,54,1,0
1420,Female,45plus,Hispanic,0,99,0,0
1421,Male,25-44,Asian,15,57,1,1
1422,Male,25-44,White,0,50,0,0
1423,Female,25-44,White,16,64,1,1
1424,Female,45plus,White,16,54,1,0
1425,Male,25-44,Asian,11,48,1,1
1426,Female,45plus,White,15,57,1,0
1427,Male,25-44,White,0,66,0,0
1428,Male,25-44,Hispanic,18,49,1,1
1429,Female,45plus,White,12,94,1,0
1430,Female,25-44,Asian,9,62,1,0
1431,Female,45plus,Asian,0,90,0,0
1432,Female,25-44,Hispanic,9,51,0,0
1433,Male,25-44,Hispanic,18,54,1,1
1434,Female,25-44,Black,10,53,1,0
1435,Male,under25,White,8,76,1,1
1436,Female,45plus,Asian,17,79,1,1
1437,Female,25-44,Hispanic,11,42,0,0
1438,Female,25-44,White,2,73,0,0
1439,Female,25-44,Hispanic,20,75,1,1
1440,Male,under25,Hispanic,15,65,1,1
1441,Female,45plus,White,5,63,0,0
1442,Male,25-44,Black,3,81,0,1
1443,Female,45plus,Hispanic,20,50,1,0
1444,Male,45plus,Black,13,51,1,0
1445,Male,25-44,White,13,40,1,1
1446,Female,45plus,White,9,65,1,0
1447,Male,45plus,White,6,51,0,0
1448,Female,45plus,Black,18,52,1,0
1449,Male,under25,Black,16,88,1,1
1450,Male,under25,White,5,100,1,1
1451,Female,45plus,Hispanic,1,81,0,0
1452,Female,under25,Black,11,57,1,0
1453,Female,45plus,White,18,44,1,0
1454,Female,45plus,Hispanic,0,43,0,0
1455,Female,45plus,White,14,43,1,0
1456,Male,under25,White,5,99,1,1
1457,Male,25-44,White,14,59,1,1
1458,Female,25-44,White,7,83,1,0
1459,Male,25-44,Asian,12,96,1,1
1460,Male,under25,White,5,50,0,0
1461,Male,under25,Asian,12,75,1,1
1462,Female,45plus,Hispanic,10,65,1,0
1463,Male,25-44,Asian,17,55,1,1
1464,Female,25-44,Asian,7,67,1,0
1465,Male,25-44,Black,7,85,1,1
1466,Male,25-44,Black,17,68,1,1
1467,Male,under25,Asian,11,53,1,1
1468,Female,45plus,Black,9,100,1,0
1469,Male,under25,Hispanic,4,100,1,1
1470,Female,45plus,Hispanic,18,63,1,0
1471,Female,45plus,Black,4,95,1,0
1472,Male,45plus,Asian,12,41,1,0
1473,Male,25-44,White,12,85,1,1
1474,Male,under25,Asian,6,82,1,1
1475,Male,45plus,Asian,16,88,1,1
1476,Male,45plus,Asian,2,54,0,0
1477,Female,25-44,Asian,12,94,1,1
1478,Male,25-44,Black,0,63,0,0
1479,Female,25-44,White,14,55,1,1
1480,Female,25-44,White,5,58,0,0
1481,Male,45plus,White,12,42,1,0
1482,Female,under25,Asian,4,64,0,0
1483,Female,45plus,Black,18,93,1,1
1484,Female,45plus,Asian,13,82,1,0
1485,Female,under25,White,20,58,1,1
1486,Male,under25,White,1,90,0,0
1487,Female,45plus,White,13,84,1,1
1488,Male,25-44,White,11,100,1,1
1489,Female,25-44,Hispanic,16,43,1,0
1490,Male,25-44,Black,15,88,1,1
1491,Female,under25,Black,20,55,1,1
1492,Male,under25,Black,11,62,1,1
1493,Male,45plus,Asian,4,48,0,0
1494,Female,45plus,Hispanic,7,85,1,0
1495,Female,under25,Asian,9,48,0,0
1496,Male,45plus,Black,10,80,1,1
1497,Female,under25,Black,19,69,1,1
1498,Female,under25,White,9,40,0,0
1499,Male,under25,White,8,59,0,0
1500,Female,25-44,White,5,60,0,0
1501,Female,25-44,Black,17,44,1,0
1502,Female,25-44,White,10,87,1,1
1503,Male,45plus,Hispanic,13,71,1,1
1504,Female,under25,Asian,2,81,0,0
1505,Female,45plus,Black,2,48,0,0
1506,Male,25-44,Black,9,63,1,0
1507,Male,under25,Asian,19,60,1,1
1508,Female,25-44,Black,11,48,1,0
1509,Female,25-44,Black,1,42,0,0
1510,Female,under25,Black,15,67,1,1
1511,Male,25-44,White,4,84,1,0
1512,Male,25-44,Hispanic,2,42,0,0
1513,Female,under25,Black,11,40,0,0
1514,Female,under25,Asian,2,82,0,0
1515,Female,25-44,White,14,40,1,0
1516,Male,45plus,Black,12,58,1,0
1517,Female,45plus,Black,15,45,1,0
1518,Female,25-44,Black,12,78,1,1
1519,Male,45plus,Asian,19,82,1,1
1520,Female,25-44,Hispanic,20,48,1,1
1521,Female,45plus,White,6,54,0,0
1522,Female,45plus,White,4,82,1,0
1523,Female,25-44,Black,18,68,1,1
1524,Male,under25,Black,6,75,1,1
1525,Male,25-44,White,6,73,1,1
1526,Female,under25,Hispanic,7,74,1,0
1527,Male,45plus,White,13,83,1,1
1528,Female,under25,White,20,86,1,1
1529,Female,45plus,Hispanic,17,50,1,0
1530,Male,45plus,Hispanic,2,48,0,0
1531,Male,25-44,Black,1,63,0,0
1532,Male,25-44,Asian,3,85,0,0
1533,Male,45plus,Black,18,47,1,1
1534,Female,under25,Asian,10,91,1,1
1535,Male,25-44,White,7,63,0,0
1536,Female,45plus,Hispanic,1,92,0,0
1537,Male,25-44,Asian,19,47,1,1
1538,Male,25-44,Asian,6,84,1,1
1539,Female,under25,White,15,47,1,0
1540,Female,under25,Black,17,99,1,1
1541,Female,under25,Asian,17,84,1,1
1542,Female,25-44,White,0,61,0,0
1543,Female,45plus,Hispanic,1,91,0,0
1544,Male,under25,Hispanic,15,50,1,1
1545,Female,25-44,Black,19,73,1,1
1546,Female,45plus,Black,9,97,1,0
1547,Male,under25,Black,11,86,1,1
1548,Female,25-44,Asian,10,40,0,0
1549,Female,25-44,Black,0,55,0,0
1550,Male,45plus,Black,4,57,0,0
1551,Male,45plus,Asian,11,76,1,1
1552,Male,45plus,White,17,97,1,1
1553,Male,25-44,White,11,90,1,1
1554,Male,under25,White,9,88,1,1
1555,Female,45plus,Black,11,95,1,0
1556,Female,25-44,White,10,82,1,0
1557,Female,45plus,Asian,7,91,1,0
1558,Female,under25,Black,6,40,0,0
1559,Female,25-44,Hispanic,12,76,1,1
1560,Male,45plus,White,4,59,0,0
1561,Female,45plus,Asian,2,98,1,0
1562,Male,45plus,Black,9,77,1,0
1563,Female,25-44,Hispanic,2,93,1,0
1564,Male,25-44,Asian,17,41,1,1
1565,Female,under25,White,6,43,0,0
1566,Male,45plus,Asian,16,81,1,1
1567,Male,45plus,White,4,78,0,0
1568,Male,45plus,Asian,4,40,0,0
1569,Male,45plus,Asian,0,53,0,0
1570,Male,45plus,Hispanic,12,79,1,1
1571,Female,under25,White,13,90,1,1
1572,Female,25-44,Hispanic,8,100,1,1
1573,Male,under25,Asian,18,81,1,1
1574,Male,25-44,Asian,5,45,0,0
1575,Male,under25,White,11,92,1,1
1576,Female,45plus,Black,19,76,1,1
1577,Female,45plus,Hispanic,1,89,0,0
1578,Female,45plus,Asian,11,73,1,0
1579,Female,under25,Asian,0,75,0,0
1580,Female,under25,Black,12,88,1,1
1581,Male,45plus,Black,3,43,0,0
1582,Male,45plus,Black,8,100,1,1
1583,Male,under25,Black,16,41,1,1
1584,Male,25-44,Hispanic,6,80,1,1
1585,Female,25-44,Black,10,90,1,1
1586,Male,45plus,White,2,91,1,0
1587,Female,45plus,Asian,1,54,0,0
1588,Female,25-44,Black,0,56,0,0
1589,Female,under25,Black,11,53,1,0
1590,Female,45plus,Asian,9,96,1,1
1591,Male,45plus,Black,15,95,1,1
1592,Female,under25,Asian,9,45,0,0
1593,Female,under25,Black,10,83,1,1
1594,Female,under25,White,6,94,1,1
1595,Female,under25,Hispanic,5,67,0,0
1596,Female,45plus,White,3,49,0,0
1597,Male,under25,Asian,4,72,0,0
1598,Male,under25,Hispanic,12,45,1,1
1599,Female,25-44,White,18,55,1,1
